player,season,pfr_id,url
Jonathan Taylor,2021,TaylJo02,https://www.pro-football-reference.com/players/T/TaylJo02/gamelog/2021/
Najee Harris,2021,HarrNa00,https://www.pro-football-reference.com/players/H/HarrNa00/gamelog/2021/
Joe Mixon,2021,MixoJo00,https://www.pro-football-reference.com/players/M/MixoJo00/gamelog/2021/
Antonio Gibson,2021,GibsAn00,https://www.pro-football-reference.com/players/G/GibsAn00/gamelog/2021/
Dalvin Cook,2021,CookDa01,https://www.pro-football-reference.com/players/C/CookDa01/gamelog/2021/
Alvin Kamara,2021,KamaAl00,https://www.pro-football-reference.com/players/K/KamaAl00/gamelog/2021/
Ezekiel Elliott,2021,ElliEz00,https://www.pro-football-reference.com/players/E/ElliEz00/gamelog/2021/
Nick Chubb,2021,ChubNi00,https://www.pro-football-reference.com/players/C/ChubNi00/gamelog/2021/
David Montgomery,2021,MontDa01,https://www.pro-football-reference.com/players/M/MontDa01/gamelog/2021/
Derrick Henry,2021,HenrDe00,https://www.pro-football-reference.com/players/H/HenrDe00/gamelog/2021/
Josh Jacobs,2021,JacoJo01,https://www.pro-football-reference.com/players/J/JacoJo01/gamelog/2021/
Sony Michel,2021,MichSo00,https://www.pro-football-reference.com/players/M/MichSo00/gamelog/2021/
Elijah Mitchell,2021,MitcEl00,https://www.pro-football-reference.com/players/M/MitcEl00/gamelog/2021/
Austin Ekeler,2021,EkelAu00,https://www.pro-football-reference.com/players/E/EkelAu00/gamelog/2021/
Melvin Gordon,2021,GordMe00,https://www.pro-football-reference.com/players/G/GordMe00/gamelog/2021/
Javonte Williams,2021,WillJa10,https://www.pro-football-reference.com/players/W/WillJa10/gamelog/2021/
James Conner,2021,ConnJa00,https://www.pro-football-reference.com/players/C/ConnJa00/gamelog/2021/
Damien Harris,2021,HarrDa06,https://www.pro-football-reference.com/players/H/HarrDa06/gamelog/2021/
Devin Singletary,2021,SingDe00,https://www.pro-football-reference.com/players/S/SingDe00/gamelog/2021/
AJ Dillon,2021,DillAJ00,https://www.pro-football-reference.com/players/D/DillAJ00/gamelog/2021/
Leonard Fournette,2021,FourLe00,https://www.pro-football-reference.com/players/F/FourLe00/gamelog/2021/
Myles Gaskin,2021,GaskMy00,https://www.pro-football-reference.com/players/G/GaskMy00/gamelog/2021/
Chuba Hubbard,2021,HubbCh01,https://www.pro-football-reference.com/players/H/HubbCh01/gamelog/2021/
Aaron Jones,2021,JoneAa00,https://www.pro-football-reference.com/players/J/JoneAa00/gamelog/2021/
James Robinson,2021,RobiJa00,https://www.pro-football-reference.com/players/R/RobiJa00/gamelog/2021/
Saquon Barkley,2021,BarkSa00,https://www.pro-football-reference.com/players/B/BarkSa00/gamelog/2021/
Mark Ingram,2021,IngrMa01,https://www.pro-football-reference.com/players/I/IngrMa01/gamelog/2021/
Mark Ingram,2021,IngrMa01,https://www.pro-football-reference.com/players/I/IngrMa01/gamelog/2021/
Mark Ingram,2021,IngrMa01,https://www.pro-football-reference.com/players/I/IngrMa01/gamelog/2021/
Cordarrelle Patterson,2021,PattCo00,https://www.pro-football-reference.com/players/P/PattCo00/gamelog/2021/
Jamaal Williams,2021,WillJa06,https://www.pro-football-reference.com/players/W/WillJa06/gamelog/2021/
D'Andre Swift,2021,SwifDA00,https://www.pro-football-reference.com/players/S/SwifDA00/gamelog/2021/
Darrell Henderson,2021,HendDa00,https://www.pro-football-reference.com/players/H/HendDa00/gamelog/2021/
Michael Carter,2021,CartMi03,https://www.pro-football-reference.com/players/C/CartMi03/gamelog/2021/
Devontae Booker,2021,BookDe00,https://www.pro-football-reference.com/players/B/BookDe00/gamelog/2021/
Darrel Williams,2021,WillDa10,https://www.pro-football-reference.com/players/W/WillDa10/gamelog/2021/
Mike Davis,2021,DaviMi01,https://www.pro-football-reference.com/players/D/DaviMi01/gamelog/2021/
Miles Sanders,2021,SandMi01,https://www.pro-football-reference.com/players/S/SandMi01/gamelog/2021/
Alexander Mattison,2021,MattAl01,https://www.pro-football-reference.com/players/M/MattAl01/gamelog/2021/
D'Onta Foreman,2021,ForeDO00,https://www.pro-football-reference.com/players/F/ForeDO00/gamelog/2021/
Devonta Freeman,2021,FreeDe00,https://www.pro-football-reference.com/players/F/FreeDe00/gamelog/2021/
Rhamondre Stevenson,2021,StevRh00,https://www.pro-football-reference.com/players/S/StevRh00/gamelog/2021/
Tony Pollard,2021,PollTo00,https://www.pro-football-reference.com/players/P/PollTo00/gamelog/2021/
Rex Burkhead,2021,BurkRe00,https://www.pro-football-reference.com/players/B/BurkRe00/gamelog/2021/
Clyde Edwards-Helaire,2021,EdwaCl00,https://www.pro-football-reference.com/players/E/EdwaCl00/gamelog/2021/
Latavius Murray,2021,MurrLa00,https://www.pro-football-reference.com/players/M/MurrLa00/gamelog/2021/
Rashaad Penny,2021,PennRa00,https://www.pro-football-reference.com/players/P/PennRa00/gamelog/2021/
Chase Edmonds,2021,EdmoCh00,https://www.pro-football-reference.com/players/E/EdmoCh00/gamelog/2021/
Alex Collins,2021,CollAl00,https://www.pro-football-reference.com/players/C/CollAl00/gamelog/2021/
Khalil Herbert,2021,HerbKh00,https://www.pro-football-reference.com/players/H/HerbKh00/gamelog/2021/
Ronald Jones II,2021,JoneRo01,https://www.pro-football-reference.com/players/J/JoneRo01/gamelog/2021/
D'Ernest Johnson,2021,JohnDE04,https://www.pro-football-reference.com/players/J/JohnDE04/gamelog/2021/
Christian McCaffrey,2021,McCaCh01,https://www.pro-football-reference.com/players/M/McCaCh01/gamelog/2021/
Zack Moss,2021,MossZa00,https://www.pro-football-reference.com/players/M/MossZa00/gamelog/2021/
Phillip Lindsay,2021,LindPh00,https://www.pro-football-reference.com/players/L/LindPh00/gamelog/2021/
Phillip Lindsay,2021,LindPh00,https://www.pro-football-reference.com/players/L/LindPh00/gamelog/2021/
Phillip Lindsay,2021,LindPh00,https://www.pro-football-reference.com/players/L/LindPh00/gamelog/2021/
Boston Scott,2021,ScotBo02,https://www.pro-football-reference.com/players/S/ScotBo02/gamelog/2021/
Jordan Howard,2021,HowaJo00,https://www.pro-football-reference.com/players/H/HowaJo00/gamelog/2021/
Tevin Coleman,2021,ColeTe01,https://www.pro-football-reference.com/players/C/ColeTe01/gamelog/2021/
Jeff Wilson,2021,WilsJe01,https://www.pro-football-reference.com/players/W/WilsJe01/gamelog/2021/
Kareem Hunt,2021,HuntKa00,https://www.pro-football-reference.com/players/H/HuntKa00/gamelog/2021/
Carlos Hyde,2021,HydeCa00,https://www.pro-football-reference.com/players/H/HydeCa00/gamelog/2021/
Duke Johnson,2021,JohnDu00,https://www.pro-football-reference.com/players/J/JohnDu00/gamelog/2021/
Kenneth Gainwell,2021,GainKe00,https://www.pro-football-reference.com/players/G/GainKe00/gamelog/2021/
Justin Jackson,2021,JackJu01,https://www.pro-football-reference.com/players/J/JackJu01/gamelog/2021/
Jaret Patterson,2021,PattJa01,https://www.pro-football-reference.com/players/P/PattJa01/gamelog/2021/
David Johnson,2021,JohnDa08,https://www.pro-football-reference.com/players/J/JohnDa08/gamelog/2021/
Kenyan Drake,2021,DrakKe00,https://www.pro-football-reference.com/players/D/DrakKe00/gamelog/2021/
Ty Johnson,2021,JohnTy02,https://www.pro-football-reference.com/players/J/JohnTy02/gamelog/2021/
Dontrell Hilliard,2021,HillDo00,https://www.pro-football-reference.com/players/H/HillDo00/gamelog/2021/
Nyheim Hines,2021,HineNy00,https://www.pro-football-reference.com/players/H/HineNy00/gamelog/2021/
Royce Freeman,2021,FreeRo00,https://www.pro-football-reference.com/players/F/FreeRo00/gamelog/2021/
Royce Freeman,2021,FreeRo00,https://www.pro-football-reference.com/players/F/FreeRo00/gamelog/2021/
Royce Freeman,2021,FreeRo00,https://www.pro-football-reference.com/players/F/FreeRo00/gamelog/2021/
Peyton Barber,2021,BarbPe01,https://www.pro-football-reference.com/players/B/BarbPe01/gamelog/2021/
Samaje Perine,2021,PeriSa00,https://www.pro-football-reference.com/players/P/PeriSa00/gamelog/2021/
Craig Reynolds,2021,ReynCr00,https://www.pro-football-reference.com/players/R/ReynCr00/gamelog/2021/
Salvon Ahmed,2021,AhmeSa01,https://www.pro-football-reference.com/players/A/AhmeSa01/gamelog/2021/
Chris Carson,2021,CarsCh00,https://www.pro-football-reference.com/players/C/CarsCh00/gamelog/2021/
Tony Jones,2021,JoneTo04,https://www.pro-football-reference.com/players/J/JoneTo04/gamelog/2021/
Derrick Gore,2021,GoreDe00,https://www.pro-football-reference.com/players/G/GoreDe00/gamelog/2021/
Ameer Abdullah,2021,AbduAm00,https://www.pro-football-reference.com/players/A/AbduAm00/gamelog/2021/
Ameer Abdullah,2021,AbduAm00,https://www.pro-football-reference.com/players/A/AbduAm00/gamelog/2021/
Ameer Abdullah,2021,AbduAm00,https://www.pro-football-reference.com/players/A/AbduAm00/gamelog/2021/
Brandon Bolden,2021,BoldBr00,https://www.pro-football-reference.com/players/B/BoldBr00/gamelog/2021/
Dare Ogunbowale,2021,OgunDa00,https://www.pro-football-reference.com/players/O/OgunDa00/gamelog/2021/
Jeremy McNichols,2021,McNiJe00,https://www.pro-football-reference.com/players/M/McNiJe00/gamelog/2021/
Trey Sermon,2021,SermTr00,https://www.pro-football-reference.com/players/S/SermTr00/gamelog/2021/
Damien Williams,2021,WillDa05,https://www.pro-football-reference.com/players/W/WillDa05/gamelog/2021/
Le'Veon Bell,2021,BellLe00,https://www.pro-football-reference.com/players/B/BellLe00/gamelog/2021/
Le'Veon Bell,2021,BellLe00,https://www.pro-football-reference.com/players/B/BellLe00/gamelog/2021/
Le'Veon Bell,2021,BellLe00,https://www.pro-football-reference.com/players/B/BellLe00/gamelog/2021/
Adrian Peterson,2021,PeteAd01,https://www.pro-football-reference.com/players/P/PeteAd01/gamelog/2021/
Adrian Peterson,2021,PeteAd01,https://www.pro-football-reference.com/players/P/PeteAd01/gamelog/2021/
Adrian Peterson,2021,PeteAd01,https://www.pro-football-reference.com/players/P/PeteAd01/gamelog/2021/
Larry Rountree,2021,RounLa00,https://www.pro-football-reference.com/players/R/RounLa00/gamelog/2021/
Benny Snell Jr.,2021,SnelBe00,https://www.pro-football-reference.com/players/S/SnelBe00/gamelog/2021/
Ke'Shawn Vaughn,2021,VaugKe00,https://www.pro-football-reference.com/players/V/VaugKe00/gamelog/2021/
Ty'Son Williams,2021,WillTy01,https://www.pro-football-reference.com/players/W/WillTy01/gamelog/2021/
Eno Benjamin,2021,BenjEn00,https://www.pro-football-reference.com/players/B/BenjEn00/gamelog/2021/
Malcolm Brown,2021,BrowMa03,https://www.pro-football-reference.com/players/B/BrowMa03/gamelog/2021/
Corey Clement,2021,ClemCo00,https://www.pro-football-reference.com/players/C/ClemCo00/gamelog/2021/
DeeJay Dallas,2021,DallDe00,https://www.pro-football-reference.com/players/D/DallDe00/gamelog/2021/
Joshua Kelley,2021,KellJo01,https://www.pro-football-reference.com/players/K/KellJo01/gamelog/2021/
Wayne Gallman,2021,GallWa00,https://www.pro-football-reference.com/players/G/GallWa00/gamelog/2021/
Marlon Mack,2021,MackMa00,https://www.pro-football-reference.com/players/M/MackMa00/gamelog/2021/
Matt Breida,2021,BreiMa00,https://www.pro-football-reference.com/players/B/BreiMa00/gamelog/2021/
Austin Walter,2021,WaltAu00,https://www.pro-football-reference.com/players/W/WaltAu00/gamelog/2021/
Elijhaa Penny,2021,PennEl00,https://www.pro-football-reference.com/players/P/PennEl00/gamelog/2021/
Patrick Taylor,2021,TaylPa01,https://www.pro-football-reference.com/players/T/TaylPa01/gamelog/2021/
Travis Homer,2021,HomeTr00,https://www.pro-football-reference.com/players/H/HomeTr00/gamelog/2021/
Qadree Ollison,2021,OlliQa00,https://www.pro-football-reference.com/players/O/OlliQa00/gamelog/2021/
J.J. Taylor,2021,TaylJJ01,https://www.pro-football-reference.com/players/T/TaylJJ01/gamelog/2021/
Godwin Igwebuike,2021,IgweGo00,https://www.pro-football-reference.com/players/I/IgweGo00/gamelog/2021/
Chris Evans,2021,EvanCh02,https://www.pro-football-reference.com/players/E/EvanCh02/gamelog/2021/
Jonathan Williams,2021,WillJo07,https://www.pro-football-reference.com/players/W/WillJo07/gamelog/2021/
Jamycal Hasty,2021,HastJa02,https://www.pro-football-reference.com/players/H/HastJa02/gamelog/2021/
Ryquell Armstead,2021,ArmsRy00,https://www.pro-football-reference.com/players/A/ArmsRy00/gamelog/2021/
Jermar Jefferson,2021,JeffJe00,https://www.pro-football-reference.com/players/J/JeffJe00/gamelog/2021/
Trayveon Williams,2021,WillTr06,https://www.pro-football-reference.com/players/W/WillTr06/gamelog/2021/
Jason Huntley,2021,HuntJa01,https://www.pro-football-reference.com/players/H/HuntJa01/gamelog/2021/
Deon Jackson,2021,JackDe02,https://www.pro-football-reference.com/players/J/JackDe02/gamelog/2021/
Kene Nwangwu,2021,NwanKe00,https://www.pro-football-reference.com/players/N/NwanKe00/gamelog/2021/
Kalen Ballage,2021,BallKa00,https://www.pro-football-reference.com/players/B/BallKa00/gamelog/2021/
Jerick McKinnon,2021,McKiJe00,https://www.pro-football-reference.com/players/M/McKiJe00/gamelog/2021/
Kylin Hill,2021,HillKy00,https://www.pro-football-reference.com/players/H/HillKy00/gamelog/2021/
James White,2021,WhitJa02,https://www.pro-football-reference.com/players/W/WhitJa02/gamelog/2021/
Jalen Richard,2021,RichJa01,https://www.pro-football-reference.com/players/R/RichJa01/gamelog/2021/
Keith Smith,2021,SmitKe03,https://www.pro-football-reference.com/players/S/SmitKe03/gamelog/2021/
Jonathan Ward,2021,WardJo00,https://www.pro-football-reference.com/players/W/WardJo00/gamelog/2021/
Giovani Bernard,2021,BernGi00,https://www.pro-football-reference.com/players/B/BernGi00/gamelog/2021/
Michael Burton,2021,BurtMi00,https://www.pro-football-reference.com/players/B/BurtMi00/gamelog/2021/
Kyle Juszczyk,2021,JuszKy00,https://www.pro-football-reference.com/players/J/JuszKy00/gamelog/2021/
La'Mical Perine,2021,PeriLa00,https://www.pro-football-reference.com/players/P/PeriLa00/gamelog/2021/
Scottie Phillips,2021,PhilSc01,https://www.pro-football-reference.com/players/P/PhilSc01/gamelog/2021/
Cam Akers,2021,AkerCa00,https://www.pro-football-reference.com/players/A/AkerCa00/gamelog/2021/
Alex Armah,2021,ArmaAl00,https://www.pro-football-reference.com/players/A/ArmaAl00/gamelog/2021/
Buddy Howell,2021,HoweGr00,https://www.pro-football-reference.com/players/H/HoweGr00/gamelog/2021/
Jaylen Samuels,2021,SamuJa00,https://www.pro-football-reference.com/players/S/SamuJa00/gamelog/2021/
Wendell Smallwood,2021,SmalWe00,https://www.pro-football-reference.com/players/S/SmalWe00/gamelog/2021/
Mekhi Sargent,2021,SargMe00,https://www.pro-football-reference.com/players/S/SargMe00/gamelog/2021/
Mekhi Sargent,2021,SargMe00,https://www.pro-football-reference.com/players/S/SargMe00/gamelog/2021/
Mekhi Sargent,2021,SargMe00,https://www.pro-football-reference.com/players/S/SargMe00/gamelog/2021/
Mekhi Sargent,2021,SargMe00,https://www.pro-football-reference.com/players/S/SargMe00/gamelog/2021/
Kenjon Barner,2021,BarnKe00,https://www.pro-football-reference.com/players/B/BarnKe00/gamelog/2021/
Mike Boone,2021,BoonMi00,https://www.pro-football-reference.com/players/B/BoonMi00/gamelog/2021/
JaQuan Hardy,2021,HardJa01,https://www.pro-football-reference.com/players/H/HardJa01/gamelog/2021/
Dwayne Washington,2021,WashDw00,https://www.pro-football-reference.com/players/W/WashDw00/gamelog/2021/
Khari Blasingame,2021,BlasKh00,https://www.pro-football-reference.com/players/B/BlasKh00/gamelog/2021/
Damarea Crockett,2021,CrocDa01,https://www.pro-football-reference.com/players/C/CrocDa01/gamelog/2021/
Reggie Gilliam,2021,GillRe00,https://www.pro-football-reference.com/players/G/GillRe00/gamelog/2021/
Anthony McFarland Jr.,2021,McFaAn00,https://www.pro-football-reference.com/players/M/McFaAn00/gamelog/2021/
Gabe Nabers,2021,NabeGa00,https://www.pro-football-reference.com/players/N/NabeGa00/gamelog/2021/
Adam Prentice,2021,PrenAd00,https://www.pro-football-reference.com/players/P/PrenAd00/gamelog/2021/
Johnny Stanton,2021,StanJo02,https://www.pro-football-reference.com/players/S/StanJo02/gamelog/2021/
Trenton Cannon,2021,CannTr00,https://www.pro-football-reference.com/players/C/CannTr00/gamelog/2021/
Trenton Cannon,2021,CannTr00,https://www.pro-football-reference.com/players/C/CannTr00/gamelog/2021/
Trenton Cannon,2021,CannTr00,https://www.pro-football-reference.com/players/C/CannTr00/gamelog/2021/
Darrynton Evans,2021,EvanDa02,https://www.pro-football-reference.com/players/E/EvanDa02/gamelog/2021/
Jake Funk,2021,FunkJa00,https://www.pro-football-reference.com/players/F/FunkJa00/gamelog/2021/
Alec Ingold,2021,IngoAl01,https://www.pro-football-reference.com/players/I/IngoAl01/gamelog/2021/
Andy Janovich,2021,JanoAn00,https://www.pro-football-reference.com/players/J/JanoAn00/gamelog/2021/
John Kelly,2021,KellJo00,https://www.pro-football-reference.com/players/K/KellJo00/gamelog/2021/
Raheem Mostert,2021,MostRa00,https://www.pro-football-reference.com/players/M/MostRa00/gamelog/2021/
Jacques Patrick,2021,PatrJa01,https://www.pro-football-reference.com/players/P/PatrJa01/gamelog/2021/
Patrick Ricard,2021,RicaPa00,https://www.pro-football-reference.com/players/R/RicaPa00/gamelog/2021/
Reggie Bonnafon,2021,BonnRe00,https://www.pro-football-reference.com/players/B/BonnRe00/gamelog/2021/
Gary Brightwell,2021,BrigGa00,https://www.pro-football-reference.com/players/B/BrigGa00/gamelog/2021/
Nathan Cottrell,2021,CottNa00,https://www.pro-football-reference.com/players/C/CottNa00/gamelog/2021/
Patrick Laird,2021,LairPa00,https://www.pro-football-reference.com/players/L/LairPa00/gamelog/2021/
Nate McCrary,2021,McCrNa00,https://www.pro-football-reference.com/players/M/McCrNa00/gamelog/2021/
Ryan Nall,2021,NallRy00,https://www.pro-football-reference.com/players/N/NallRy00/gamelog/2021/
Devine Ozigbo,2021,OzigDe01,https://www.pro-football-reference.com/players/O/OzigDe01/gamelog/2021/
Trey Ragas,2021,RagaTr00,https://www.pro-football-reference.com/players/R/RagaTr00/gamelog/2021/
Ito Smith,2021,SmitIt00,https://www.pro-football-reference.com/players/S/SmitIt00/gamelog/2021/
Derek Watt,2021,WattDe00,https://www.pro-football-reference.com/players/W/WattDe00/gamelog/2021/
Nick Bawden,2021,BawdNi00,https://www.pro-football-reference.com/players/B/BawdNi00/gamelog/2021/
Darius Bradwell,2021,BradDa00,https://www.pro-football-reference.com/players/B/BradDa00/gamelog/2021/
Anthony Firkser,2021,FirkAn00,https://www.pro-football-reference.com/players/F/FirkAn00/gamelog/2021/
Chris Herndon,2021,HernCh00,https://www.pro-football-reference.com/players/H/HernCh00/gamelog/2021/
Jakob Johnson,2021,JohnJa12,https://www.pro-football-reference.com/players/J/JohnJa12/gamelog/2021/
Giovanni Ricci,2021,RiccGi00,https://www.pro-football-reference.com/players/R/RiccGi00/gamelog/2021/
Rodney Smith,2021,SmitRo08,https://www.pro-football-reference.com/players/S/SmitRo08/gamelog/2021/
Derrick Henry,2022,HenrDe00,https://www.pro-football-reference.com/players/H/HenrDe00/gamelog/2022/
Josh Jacobs,2022,JacoJo01,https://www.pro-football-reference.com/players/J/JacoJo01/gamelog/2022/
Nick Chubb,2022,ChubNi00,https://www.pro-football-reference.com/players/C/ChubNi00/gamelog/2022/
Saquon Barkley,2022,BarkSa00,https://www.pro-football-reference.com/players/B/BarkSa00/gamelog/2022/
Najee Harris,2022,HarrNa00,https://www.pro-football-reference.com/players/H/HarrNa00/gamelog/2022/
Dalvin Cook,2022,CookDa01,https://www.pro-football-reference.com/players/C/CookDa01/gamelog/2022/
Jamaal Williams,2022,WillJa06,https://www.pro-football-reference.com/players/W/WillJa06/gamelog/2022/
Miles Sanders,2022,SandMi01,https://www.pro-football-reference.com/players/S/SandMi01/gamelog/2022/
Christian McCaffrey,2022,McCaCh01,https://www.pro-football-reference.com/players/M/McCaCh01/gamelog/2022/
Christian McCaffrey,2022,McCaCh01,https://www.pro-football-reference.com/players/M/McCaCh01/gamelog/2022/
Christian McCaffrey,2022,McCaCh01,https://www.pro-football-reference.com/players/M/McCaCh01/gamelog/2022/
Ezekiel Elliott,2022,ElliEz00,https://www.pro-football-reference.com/players/E/ElliEz00/gamelog/2022/
Kenneth Walker III,2022,WalkKe00,https://www.pro-football-reference.com/players/W/WalkKe00/gamelog/2022/
Alvin Kamara,2022,KamaAl00,https://www.pro-football-reference.com/players/K/KamaAl00/gamelog/2022/
Travis Etienne,2022,EtieTr00,https://www.pro-football-reference.com/players/E/EtieTr00/gamelog/2022/
Dameon Pierce,2022,PierDa01,https://www.pro-football-reference.com/players/P/PierDa01/gamelog/2022/
Aaron Jones,2022,JoneAa00,https://www.pro-football-reference.com/players/J/JoneAa00/gamelog/2022/
Tyler Allgeier,2022,AllgTy00,https://www.pro-football-reference.com/players/A/AllgTy00/gamelog/2022/
Joe Mixon,2022,MixoJo00,https://www.pro-football-reference.com/players/M/MixoJo00/gamelog/2022/
Rhamondre Stevenson,2022,StevRh00,https://www.pro-football-reference.com/players/S/StevRh00/gamelog/2022/
Brian Robinson Jr.,2022,RobiBr01,https://www.pro-football-reference.com/players/R/RobiBr01/gamelog/2022/
Austin Ekeler,2022,EkelAu00,https://www.pro-football-reference.com/players/E/EkelAu00/gamelog/2022/
D'Onta Foreman,2022,ForeDO00,https://www.pro-football-reference.com/players/F/ForeDO00/gamelog/2022/
David Montgomery,2022,MontDa01,https://www.pro-football-reference.com/players/M/MontDa01/gamelog/2022/
Tony Pollard,2022,PollTo00,https://www.pro-football-reference.com/players/P/PollTo00/gamelog/2022/
Jonathan Taylor,2022,TaylJo02,https://www.pro-football-reference.com/players/T/TaylJo02/gamelog/2022/
Leonard Fournette,2022,FourLe00,https://www.pro-football-reference.com/players/F/FourLe00/gamelog/2022/
Cam Akers,2022,AkerCa00,https://www.pro-football-reference.com/players/A/AkerCa00/gamelog/2022/
AJ Dillon,2022,DillAJ00,https://www.pro-football-reference.com/players/D/DillAJ00/gamelog/2022/
James Conner,2022,ConnJa00,https://www.pro-football-reference.com/players/C/ConnJa00/gamelog/2022/
Raheem Mostert,2022,MostRa00,https://www.pro-football-reference.com/players/M/MostRa00/gamelog/2022/
Devin Singletary,2022,SingDe00,https://www.pro-football-reference.com/players/S/SingDe00/gamelog/2022/
Jeff Wilson,2022,WilsJe01,https://www.pro-football-reference.com/players/W/WilsJe01/gamelog/2022/
Jeff Wilson,2022,WilsJe01,https://www.pro-football-reference.com/players/W/WilsJe01/gamelog/2022/
Jeff Wilson,2022,WilsJe01,https://www.pro-football-reference.com/players/W/WilsJe01/gamelog/2022/
Latavius Murray,2022,MurrLa00,https://www.pro-football-reference.com/players/M/MurrLa00/gamelog/2022/
Latavius Murray,2022,MurrLa00,https://www.pro-football-reference.com/players/M/MurrLa00/gamelog/2022/
Latavius Murray,2022,MurrLa00,https://www.pro-football-reference.com/players/M/MurrLa00/gamelog/2022/
Isiah Pacheco,2022,PachIs00,https://www.pro-football-reference.com/players/P/PachIs00/gamelog/2022/
Antonio Gibson,2022,GibsAn00,https://www.pro-football-reference.com/players/G/GibsAn00/gamelog/2022/
Cordarrelle Patterson,2022,PattCo00,https://www.pro-football-reference.com/players/P/PattCo00/gamelog/2022/
Khalil Herbert,2022,HerbKh00,https://www.pro-football-reference.com/players/H/HerbKh00/gamelog/2022/
Rachaad White,2022,WhitRa01,https://www.pro-football-reference.com/players/W/WhitRa01/gamelog/2022/
Kareem Hunt,2022,HuntKa00,https://www.pro-football-reference.com/players/H/HuntKa00/gamelog/2022/
Michael Carter,2022,CartMi03,https://www.pro-football-reference.com/players/C/CartMi03/gamelog/2022/
James Robinson,2022,RobiJa00,https://www.pro-football-reference.com/players/R/RobiJa00/gamelog/2022/
James Robinson,2022,RobiJa00,https://www.pro-football-reference.com/players/R/RobiJa00/gamelog/2022/
James Robinson,2022,RobiJa00,https://www.pro-football-reference.com/players/R/RobiJa00/gamelog/2022/
Kenyan Drake,2022,DrakKe00,https://www.pro-football-reference.com/players/D/DrakKe00/gamelog/2022/
Damien Harris,2022,HarrDa06,https://www.pro-football-reference.com/players/H/HarrDa06/gamelog/2022/
D'Andre Swift,2022,SwifDA00,https://www.pro-football-reference.com/players/S/SwifDA00/gamelog/2022/
Chuba Hubbard,2022,HubbCh01,https://www.pro-football-reference.com/players/H/HubbCh01/gamelog/2022/
Samaje Perine,2022,PeriSa00,https://www.pro-football-reference.com/players/P/PeriSa00/gamelog/2022/
Zack Moss,2022,MossZa00,https://www.pro-football-reference.com/players/M/MossZa00/gamelog/2022/
Zack Moss,2022,MossZa00,https://www.pro-football-reference.com/players/M/MossZa00/gamelog/2022/
Zack Moss,2022,MossZa00,https://www.pro-football-reference.com/players/M/MossZa00/gamelog/2022/
J.K. Dobbins,2022,DobbJK00,https://www.pro-football-reference.com/players/D/DobbJK00/gamelog/2022/
Melvin Gordon,2022,GordMe00,https://www.pro-football-reference.com/players/G/GordMe00/gamelog/2022/
James Cook,2022,CookJa01,https://www.pro-football-reference.com/players/C/CookJa01/gamelog/2022/
Gus Edwards,2022,EdwaGu00,https://www.pro-football-reference.com/players/E/EdwaGu00/gamelog/2022/
Zonovan Knight,2022,KnigZo00,https://www.pro-football-reference.com/players/K/KnigZo00/gamelog/2022/
Breece Hall,2022,HallBr03,https://www.pro-football-reference.com/players/H/HallBr03/gamelog/2022/
Jaylen Warren,2022,WarrJa01,https://www.pro-football-reference.com/players/W/WarrJa01/gamelog/2022/
Eno Benjamin,2022,BenjEn00,https://www.pro-football-reference.com/players/B/BenjEn00/gamelog/2022/
Eno Benjamin,2022,BenjEn00,https://www.pro-football-reference.com/players/B/BenjEn00/gamelog/2022/
Eno Benjamin,2022,BenjEn00,https://www.pro-football-reference.com/players/B/BenjEn00/gamelog/2022/
Eno Benjamin,2022,BenjEn00,https://www.pro-football-reference.com/players/B/BenjEn00/gamelog/2022/
Caleb Huntley,2022,HuntCa02,https://www.pro-football-reference.com/players/H/HuntCa02/gamelog/2022/
Alexander Mattison,2022,MattAl01,https://www.pro-football-reference.com/players/M/MattAl01/gamelog/2022/
Jerick McKinnon,2022,McKiJe00,https://www.pro-football-reference.com/players/M/McKiJe00/gamelog/2022/
Clyde Edwards-Helaire,2022,EdwaCl00,https://www.pro-football-reference.com/players/E/EdwaCl00/gamelog/2022/
Darrell Henderson,2022,HendDa00,https://www.pro-football-reference.com/players/H/HendDa00/gamelog/2022/
Joshua Kelley,2022,KellJo01,https://www.pro-football-reference.com/players/K/KellJo01/gamelog/2022/
Deon Jackson,2022,JackDe02,https://www.pro-football-reference.com/players/J/JackDe02/gamelog/2022/
Chase Edmonds,2022,EdmoCh00,https://www.pro-football-reference.com/players/E/EdmoCh00/gamelog/2022/
Chase Edmonds,2022,EdmoCh00,https://www.pro-football-reference.com/players/E/EdmoCh00/gamelog/2022/
Chase Edmonds,2022,EdmoCh00,https://www.pro-football-reference.com/players/E/EdmoCh00/gamelog/2022/
Mark Ingram,2022,IngrMa01,https://www.pro-football-reference.com/players/I/IngrMa01/gamelog/2022/
Rashaad Penny,2022,PennRa00,https://www.pro-football-reference.com/players/P/PennRa00/gamelog/2022/
Matt Breida,2022,BreiMa00,https://www.pro-football-reference.com/players/B/BreiMa00/gamelog/2022/
Boston Scott,2022,ScotBo02,https://www.pro-football-reference.com/players/S/ScotBo02/gamelog/2022/
Kenneth Gainwell,2022,GainKe00,https://www.pro-football-reference.com/players/G/GainKe00/gamelog/2022/
Justice Hill,2022,HillJu00,https://www.pro-football-reference.com/players/H/HillJu00/gamelog/2022/
Javonte Williams,2022,WillJa10,https://www.pro-football-reference.com/players/W/WillJa10/gamelog/2022/
Jamycal Hasty,2022,HastJa02,https://www.pro-football-reference.com/players/H/HastJa02/gamelog/2022/
Elijah Mitchell,2022,MitcEl00,https://www.pro-football-reference.com/players/M/MitcEl00/gamelog/2022/
Jordan Mason,2022,MasoJo00,https://www.pro-football-reference.com/players/M/MasoJo00/gamelog/2022/
Justin Jackson,2022,JackJu01,https://www.pro-football-reference.com/players/J/JackJu01/gamelog/2022/
Dare Ogunbowale,2022,OgunDa00,https://www.pro-football-reference.com/players/O/OgunDa00/gamelog/2022/
Royce Freeman,2022,FreeRo00,https://www.pro-football-reference.com/players/F/FreeRo00/gamelog/2022/
Malik Davis,2022,DaviMa02,https://www.pro-football-reference.com/players/D/DaviMa02/gamelog/2022/
Jonathan Williams,2022,WillJo07,https://www.pro-football-reference.com/players/W/WillJo07/gamelog/2022/
Sony Michel,2022,MichSo00,https://www.pro-football-reference.com/players/M/MichSo00/gamelog/2022/
DeeJay Dallas,2022,DallDe00,https://www.pro-football-reference.com/players/D/DallDe00/gamelog/2022/
Kyren Williams,2022,WillKy02,https://www.pro-football-reference.com/players/W/WillKy02/gamelog/2022/
Tyrion Davis-Price,2022,DaviTy03,https://www.pro-football-reference.com/players/D/DaviTy03/gamelog/2022/
Gary Brightwell,2022,BrigGa00,https://www.pro-football-reference.com/players/B/BrigGa00/gamelog/2022/
Ty Johnson,2022,JohnTy02,https://www.pro-football-reference.com/players/J/JohnTy02/gamelog/2022/
Keaontay Ingram,2022,IngrKe01,https://www.pro-football-reference.com/players/I/IngrKe01/gamelog/2022/
Rex Burkhead,2022,BurkRe00,https://www.pro-football-reference.com/players/B/BurkRe00/gamelog/2022/
Hassan Haskins,2022,HaskHa00,https://www.pro-football-reference.com/players/H/HaskHa00/gamelog/2022/
Mike Boone,2022,BoonMi00,https://www.pro-football-reference.com/players/B/BoonMi00/gamelog/2022/
Trestan Ebner,2022,EbneTr00,https://www.pro-football-reference.com/players/E/EbneTr00/gamelog/2022/
Nyheim Hines,2022,HineNy00,https://www.pro-football-reference.com/players/H/HineNy00/gamelog/2022/
Nyheim Hines,2022,HineNy00,https://www.pro-football-reference.com/players/H/HineNy00/gamelog/2022/
Nyheim Hines,2022,HineNy00,https://www.pro-football-reference.com/players/H/HineNy00/gamelog/2022/
Raheem Blackshear,2022,BlacRa00,https://www.pro-football-reference.com/players/B/BlacRa00/gamelog/2022/
Craig Reynolds,2022,ReynCr00,https://www.pro-football-reference.com/players/R/ReynCr00/gamelog/2022/
Dontrell Hilliard,2022,HillDo00,https://www.pro-football-reference.com/players/H/HillDo00/gamelog/2022/
Avery Williams,2022,WillAv02,https://www.pro-football-reference.com/players/W/WillAv02/gamelog/2022/
Darrel Williams,2022,WillDa10,https://www.pro-football-reference.com/players/W/WillDa10/gamelog/2022/
Benny Snell Jr.,2022,SnelBe00,https://www.pro-football-reference.com/players/S/SnelBe00/gamelog/2022/
Travis Homer,2022,HomeTr00,https://www.pro-football-reference.com/players/H/HomeTr00/gamelog/2022/
Malcolm Brown,2022,BrowMa03,https://www.pro-football-reference.com/players/B/BrowMa03/gamelog/2022/
Kevin Harris,2022,HarrKe01,https://www.pro-football-reference.com/players/H/HarrKe01/gamelog/2022/
Isaiah Spiller,2022,SpilIs00,https://www.pro-football-reference.com/players/S/SpilIs00/gamelog/2022/
Brandon Bolden,2022,BoldBr00,https://www.pro-football-reference.com/players/B/BoldBr00/gamelog/2022/
Ronald Jones II,2022,JoneRo01,https://www.pro-football-reference.com/players/J/JoneRo01/gamelog/2022/
Jaret Patterson,2022,PattJa01,https://www.pro-football-reference.com/players/P/PattJa01/gamelog/2022/
Ke'Shawn Vaughn,2022,VaugKe00,https://www.pro-football-reference.com/players/V/VaugKe00/gamelog/2022/
Zamir White,2022,WhitZa01,https://www.pro-football-reference.com/players/W/WhitZa01/gamelog/2022/
Marlon Mack,2022,MackMa00,https://www.pro-football-reference.com/players/M/MackMa00/gamelog/2022/
Corey Clement,2022,ClemCo00,https://www.pro-football-reference.com/players/C/ClemCo00/gamelog/2022/
Phillip Lindsay,2022,LindPh00,https://www.pro-football-reference.com/players/L/LindPh00/gamelog/2022/
Darrynton Evans,2022,EvanDa02,https://www.pro-football-reference.com/players/E/EvanDa02/gamelog/2022/
Larry Rountree,2022,RounLa00,https://www.pro-football-reference.com/players/R/RounLa00/gamelog/2022/
Jordan Wilkins,2022,WilkJo01,https://www.pro-football-reference.com/players/W/WilkJo01/gamelog/2022/
Salvon Ahmed,2022,AhmeSa01,https://www.pro-football-reference.com/players/A/AhmeSa01/gamelog/2022/
Tevin Coleman,2022,ColeTe01,https://www.pro-football-reference.com/players/C/ColeTe01/gamelog/2022/
Snoop Conner,2022,ConnSn00,https://www.pro-football-reference.com/players/C/ConnSn00/gamelog/2022/
David Johnson,2022,JohnDa08,https://www.pro-football-reference.com/players/J/JohnDa08/gamelog/2022/
Dwayne Washington,2022,WashDw00,https://www.pro-football-reference.com/players/W/WashDw00/gamelog/2022/
Myles Gaskin,2022,GaskMy00,https://www.pro-football-reference.com/players/G/GaskMy00/gamelog/2022/
Pierre Strong,2022,StroPi00,https://www.pro-football-reference.com/players/S/StroPi00/gamelog/2022/
J.J. Taylor,2022,TaylJJ01,https://www.pro-football-reference.com/players/T/TaylJJ01/gamelog/2022/
Patrick Taylor,2022,TaylPa01,https://www.pro-football-reference.com/players/T/TaylPa01/gamelog/2022/
Tony Jones,2022,JoneTo04,https://www.pro-football-reference.com/players/J/JoneTo04/gamelog/2022/
Tony Jones,2022,JoneTo04,https://www.pro-football-reference.com/players/J/JoneTo04/gamelog/2022/
Tony Jones,2022,JoneTo04,https://www.pro-football-reference.com/players/J/JoneTo04/gamelog/2022/
Spencer Brown,2022,BrowSp01,https://www.pro-football-reference.com/players/B/BrowSp01/gamelog/2022/
Julius Chestnut,2022,ChesJu00,https://www.pro-football-reference.com/players/C/ChesJu00/gamelog/2022/
Kene Nwangwu,2022,NwanKe00,https://www.pro-football-reference.com/players/N/NwanKe00/gamelog/2022/
Ronnie Rivers,2022,RiveRo01,https://www.pro-football-reference.com/players/R/RiveRo01/gamelog/2022/
Derek Watt,2022,WattDe00,https://www.pro-football-reference.com/players/W/WattDe00/gamelog/2022/
Giovani Bernard,2022,BernGi00,https://www.pro-football-reference.com/players/B/BernGi00/gamelog/2022/
Mike Davis,2022,DaviMi01,https://www.pro-football-reference.com/players/D/DaviMi01/gamelog/2022/
Jerome Ford,2022,FordJe00,https://www.pro-football-reference.com/players/F/FordJe00/gamelog/2022/
Kyle Juszczyk,2022,JuszKy00,https://www.pro-football-reference.com/players/J/JuszKy00/gamelog/2022/
Patrick Ricard,2022,RicaPa00,https://www.pro-football-reference.com/players/R/RicaPa00/gamelog/2022/
Ty Chandler,2022,ChanTy01,https://www.pro-football-reference.com/players/C/ChanTy01/gamelog/2022/
Alec Ingold,2022,IngoAl01,https://www.pro-football-reference.com/players/I/IngoAl01/gamelog/2022/
Anthony McFarland Jr.,2022,McFaAn00,https://www.pro-football-reference.com/players/M/McFaAn00/gamelog/2022/
Trayveon Williams,2022,WillTr06,https://www.pro-football-reference.com/players/W/WillTr06/gamelog/2022/
Michael Burton,2022,BurtMi00,https://www.pro-football-reference.com/players/B/BurtMi00/gamelog/2022/
Jonathan Ward,2022,WardJo00,https://www.pro-football-reference.com/players/W/WardJo00/gamelog/2022/
Ameer Abdullah,2022,AbduAm00,https://www.pro-football-reference.com/players/A/AbduAm00/gamelog/2022/
Zander Horvath,2022,HorvZa00,https://www.pro-football-reference.com/players/H/HorvZa00/gamelog/2022/
D'Ernest Johnson,2022,JohnDE04,https://www.pro-football-reference.com/players/J/JohnDE04/gamelog/2022/
Adam Prentice,2022,PrenAd00,https://www.pro-football-reference.com/players/P/PrenAd00/gamelog/2022/
Godwin Igwebuike,2022,IgweGo00,https://www.pro-football-reference.com/players/I/IgweGo00/gamelog/2022/
Devine Ozigbo,2022,OzigDe01,https://www.pro-football-reference.com/players/O/OzigDe01/gamelog/2022/
Duke Johnson,2022,JohnDu00,https://www.pro-football-reference.com/players/J/JohnDu00/gamelog/2022/
Trey Sermon,2022,SermTr00,https://www.pro-football-reference.com/players/S/SermTr00/gamelog/2022/
Damien Williams,2022,WillDa05,https://www.pro-football-reference.com/players/W/WillDa05/gamelog/2022/
Tyler Badie,2022,BadiTy00,https://www.pro-football-reference.com/players/B/BadiTy00/gamelog/2022/
Kylin Hill,2022,HillKy00,https://www.pro-football-reference.com/players/H/HillKy00/gamelog/2022/
Jordan Howard,2022,HowaJo00,https://www.pro-football-reference.com/players/H/HowaJo00/gamelog/2022/
Khari Blasingame,2022,BlasKh00,https://www.pro-football-reference.com/players/B/BlasKh00/gamelog/2022/
Chris Evans,2022,EvanCh02,https://www.pro-football-reference.com/players/E/EvanCh02/gamelog/2022/
Anthony Firkser,2022,FirkAn00,https://www.pro-football-reference.com/players/F/FirkAn00/gamelog/2022/
Reggie Gilliam,2022,GillRe00,https://www.pro-football-reference.com/players/G/GillRe00/gamelog/2022/
Jakob Johnson,2022,JohnJa12,https://www.pro-football-reference.com/players/J/JohnJa12/gamelog/2022/
Chris Myarick,2022,MyarCh00,https://www.pro-football-reference.com/players/M/MyarCh00/gamelog/2022/
Ty'Son Williams,2022,WillTy01,https://www.pro-football-reference.com/players/W/WillTy01/gamelog/2022/
Derrick Henry,2023,HenrDe00,https://www.pro-football-reference.com/players/H/HenrDe00/gamelog/2023/
Christian McCaffrey,2023,McCaCh01,https://www.pro-football-reference.com/players/M/McCaCh01/gamelog/2023/
Rachaad White,2023,WhitRa01,https://www.pro-football-reference.com/players/W/WhitRa01/gamelog/2023/
Travis Etienne,2023,EtieTr00,https://www.pro-football-reference.com/players/E/EtieTr00/gamelog/2023/
Joe Mixon,2023,MixoJo00,https://www.pro-football-reference.com/players/M/MixoJo00/gamelog/2023/
Najee Harris,2023,HarrNa00,https://www.pro-football-reference.com/players/H/HarrNa00/gamelog/2023/
Tony Pollard,2023,PollTo00,https://www.pro-football-reference.com/players/P/PollTo00/gamelog/2023/
Saquon Barkley,2023,BarkSa00,https://www.pro-football-reference.com/players/B/BarkSa00/gamelog/2023/
Chuba Hubbard,2023,HubbCh01,https://www.pro-football-reference.com/players/H/HubbCh01/gamelog/2023/
James Cook,2023,CookJa01,https://www.pro-football-reference.com/players/C/CookJa01/gamelog/2023/
Josh Jacobs,2023,JacoJo01,https://www.pro-football-reference.com/players/J/JacoJo01/gamelog/2023/
D'Andre Swift,2023,SwifDA00,https://www.pro-football-reference.com/players/S/SwifDA00/gamelog/2023/
Kyren Williams,2023,WillKy02,https://www.pro-football-reference.com/players/W/WillKy02/gamelog/2023/
Breece Hall,2023,HallBr03,https://www.pro-football-reference.com/players/H/HallBr03/gamelog/2023/
David Montgomery,2023,MontDa01,https://www.pro-football-reference.com/players/M/MontDa01/gamelog/2023/
Kenneth Walker III,2023,WalkKe00,https://www.pro-football-reference.com/players/W/WalkKe00/gamelog/2023/
Javonte Williams,2023,WillJa10,https://www.pro-football-reference.com/players/W/WillJa10/gamelog/2023/
Devin Singletary,2023,SingDe00,https://www.pro-football-reference.com/players/S/SingDe00/gamelog/2023/
Bijan Robinson,2023,RobiBi01,https://www.pro-football-reference.com/players/R/RobiBi01/gamelog/2023/
Raheem Mostert,2023,MostRa00,https://www.pro-football-reference.com/players/M/MostRa00/gamelog/2023/
James Conner,2023,ConnJa00,https://www.pro-football-reference.com/players/C/ConnJa00/gamelog/2023/
Isiah Pacheco,2023,PachIs00,https://www.pro-football-reference.com/players/P/PachIs00/gamelog/2023/
Jerome Ford,2023,FordJe00,https://www.pro-football-reference.com/players/F/FordJe00/gamelog/2023/
Gus Edwards,2023,EdwaGu00,https://www.pro-football-reference.com/players/E/EdwaGu00/gamelog/2023/
Tyler Allgeier,2023,AllgTy00,https://www.pro-football-reference.com/players/A/AllgTy00/gamelog/2023/
Ezekiel Elliott,2023,ElliEz00,https://www.pro-football-reference.com/players/E/ElliEz00/gamelog/2023/
Zack Moss,2023,MossZa00,https://www.pro-football-reference.com/players/M/MossZa00/gamelog/2023/
Jahmyr Gibbs,2023,GibbJa01,https://www.pro-football-reference.com/players/G/GibbJa01/gamelog/2023/
Alvin Kamara,2023,KamaAl00,https://www.pro-football-reference.com/players/K/KamaAl00/gamelog/2023/
Alexander Mattison,2023,MattAl01,https://www.pro-football-reference.com/players/M/MattAl01/gamelog/2023/
Austin Ekeler,2023,EkelAu00,https://www.pro-football-reference.com/players/E/EkelAu00/gamelog/2023/
AJ Dillon,2023,DillAJ00,https://www.pro-football-reference.com/players/D/DillAJ00/gamelog/2023/
Brian Robinson Jr.,2023,RobiBr01,https://www.pro-football-reference.com/players/R/RobiBr01/gamelog/2023/
Jonathan Taylor,2023,TaylJo02,https://www.pro-football-reference.com/players/T/TaylJo02/gamelog/2023/
Rhamondre Stevenson,2023,StevRh00,https://www.pro-football-reference.com/players/S/StevRh00/gamelog/2023/
Jaylen Warren,2023,WarrJa01,https://www.pro-football-reference.com/players/W/WarrJa01/gamelog/2023/
Dameon Pierce,2023,PierDa01,https://www.pro-football-reference.com/players/P/PierDa01/gamelog/2023/
Aaron Jones,2023,JoneAa00,https://www.pro-football-reference.com/players/J/JoneAa00/gamelog/2023/
Kareem Hunt,2023,HuntKa00,https://www.pro-football-reference.com/players/H/HuntKa00/gamelog/2023/
Khalil Herbert,2023,HerbKh00,https://www.pro-football-reference.com/players/H/HerbKh00/gamelog/2023/
Miles Sanders,2023,SandMi01,https://www.pro-football-reference.com/players/S/SandMi01/gamelog/2023/
D'Onta Foreman,2023,ForeDO00,https://www.pro-football-reference.com/players/F/ForeDO00/gamelog/2023/
Zach Charbonnet,2023,CharZa00,https://www.pro-football-reference.com/players/C/CharZa00/gamelog/2023/
Joshua Kelley,2023,KellJo01,https://www.pro-football-reference.com/players/K/KellJo01/gamelog/2023/
Jamaal Williams,2023,WillJa06,https://www.pro-football-reference.com/players/W/WillJa06/gamelog/2023/
Zamir White,2023,WhitZa01,https://www.pro-football-reference.com/players/W/WhitZa01/gamelog/2023/
De'Von Achane,2023,AchaDe00,https://www.pro-football-reference.com/players/A/AchaDe00/gamelog/2023/
Ty Chandler,2023,ChanTy01,https://www.pro-football-reference.com/players/C/ChanTy01/gamelog/2023/
Tyjae Spears,2023,SpeaTy00,https://www.pro-football-reference.com/players/S/SpeaTy00/gamelog/2023/
Rico Dowdle,2023,DowdRi01,https://www.pro-football-reference.com/players/D/DowdRi01/gamelog/2023/
Kenneth Gainwell,2023,GainKe00,https://www.pro-football-reference.com/players/G/GainKe00/gamelog/2023/
Justice Hill,2023,HillJu00,https://www.pro-football-reference.com/players/H/HillJu00/gamelog/2023/
Roschon Johnson,2023,JohnRo07,https://www.pro-football-reference.com/players/J/JohnRo07/gamelog/2023/
Latavius Murray,2023,MurrLa00,https://www.pro-football-reference.com/players/M/MurrLa00/gamelog/2023/
Royce Freeman,2023,FreeRo00,https://www.pro-football-reference.com/players/F/FreeRo00/gamelog/2023/
Jaleel McLaughlin,2023,McLaJa00,https://www.pro-football-reference.com/players/M/McLaJa00/gamelog/2023/
Elijah Mitchell,2023,MitcEl00,https://www.pro-football-reference.com/players/M/MitcEl00/gamelog/2023/
Clyde Edwards-Helaire,2023,EdwaCl00,https://www.pro-football-reference.com/players/E/EdwaCl00/gamelog/2023/
Dalvin Cook,2023,CookDa01,https://www.pro-football-reference.com/players/C/CookDa01/gamelog/2023/
Antonio Gibson,2023,GibsAn00,https://www.pro-football-reference.com/players/G/GibsAn00/gamelog/2023/
Pierre Strong,2023,StroPi00,https://www.pro-football-reference.com/players/S/StroPi00/gamelog/2023/
Cam Akers,2023,AkerCa00,https://www.pro-football-reference.com/players/A/AkerCa00/gamelog/2023/
Cam Akers,2023,AkerCa00,https://www.pro-football-reference.com/players/A/AkerCa00/gamelog/2023/
Cam Akers,2023,AkerCa00,https://www.pro-football-reference.com/players/A/AkerCa00/gamelog/2023/
Emari Demercado,2023,DemeEm00,https://www.pro-football-reference.com/players/D/DemeEm00/gamelog/2023/
Matt Breida,2023,BreiMa00,https://www.pro-football-reference.com/players/B/BreiMa00/gamelog/2023/
Samaje Perine,2023,PeriSa00,https://www.pro-football-reference.com/players/P/PeriSa00/gamelog/2023/
Chris Rodriguez,2023,RodrCh00,https://www.pro-football-reference.com/players/R/RodrCh00/gamelog/2023/
Tank Bigsby,2023,BigsTa00,https://www.pro-football-reference.com/players/B/BigsTa00/gamelog/2023/
Cordarrelle Patterson,2023,PattCo00,https://www.pro-football-reference.com/players/P/PattCo00/gamelog/2023/
Chase Edmonds,2023,EdmoCh00,https://www.pro-football-reference.com/players/E/EdmoCh00/gamelog/2023/
Keaton Mitchell,2023,MitcKe01,https://www.pro-football-reference.com/players/M/MitcKe01/gamelog/2023/
Darrell Henderson,2023,HendDa00,https://www.pro-football-reference.com/players/H/HendDa00/gamelog/2023/
Chase Brown,2023,BrowCh10,https://www.pro-football-reference.com/players/B/BrowCh10/gamelog/2023/
D'Ernest Johnson,2023,JohnDE04,https://www.pro-football-reference.com/players/J/JohnDE04/gamelog/2023/
Kendre Miller,2023,MillKe01,https://www.pro-football-reference.com/players/M/MillKe01/gamelog/2023/
Craig Reynolds,2023,ReynCr00,https://www.pro-football-reference.com/players/R/ReynCr00/gamelog/2023/
Jeff Wilson,2023,WilsJe01,https://www.pro-football-reference.com/players/W/WilsJe01/gamelog/2023/
Jordan Mason,2023,MasoJo00,https://www.pro-football-reference.com/players/M/MasoJo00/gamelog/2023/
Isaiah Spiller,2023,SpilIs00,https://www.pro-football-reference.com/players/S/SpilIs00/gamelog/2023/
Keaontay Ingram,2023,IngrKe01,https://www.pro-football-reference.com/players/I/IngrKe01/gamelog/2023/
Trey Sermon,2023,SermTr00,https://www.pro-football-reference.com/players/S/SermTr00/gamelog/2023/
Ronnie Rivers,2023,RiveRo01,https://www.pro-football-reference.com/players/R/RiveRo01/gamelog/2023/
Patrick Taylor,2023,TaylPa01,https://www.pro-football-reference.com/players/T/TaylPa01/gamelog/2023/
Darrynton Evans,2023,EvanDa02,https://www.pro-football-reference.com/players/E/EvanDa02/gamelog/2023/
Darrynton Evans,2023,EvanDa02,https://www.pro-football-reference.com/players/E/EvanDa02/gamelog/2023/
Darrynton Evans,2023,EvanDa02,https://www.pro-football-reference.com/players/E/EvanDa02/gamelog/2023/
Ty Johnson,2023,JohnTy02,https://www.pro-football-reference.com/players/J/JohnTy02/gamelog/2023/
Michael Carter,2023,CartMi03,https://www.pro-football-reference.com/players/C/CartMi03/gamelog/2023/
Michael Carter,2023,CartMi03,https://www.pro-football-reference.com/players/C/CartMi03/gamelog/2023/
Michael Carter,2023,CartMi03,https://www.pro-football-reference.com/players/C/CartMi03/gamelog/2023/
Nick Chubb,2023,ChubNi00,https://www.pro-football-reference.com/players/C/ChubNi00/gamelog/2023/
Melvin Gordon,2023,GordMe00,https://www.pro-football-reference.com/players/G/GordMe00/gamelog/2023/
Tony Jones,2023,JoneTo04,https://www.pro-football-reference.com/players/J/JoneTo04/gamelog/2023/
Tony Jones,2023,JoneTo04,https://www.pro-football-reference.com/players/J/JoneTo04/gamelog/2023/
Tony Jones,2023,JoneTo04,https://www.pro-football-reference.com/players/J/JoneTo04/gamelog/2023/
Ke'Shawn Vaughn,2023,VaugKe00,https://www.pro-football-reference.com/players/V/VaugKe00/gamelog/2023/
Damien Harris,2023,HarrDa06,https://www.pro-football-reference.com/players/H/HarrDa06/gamelog/2023/
Deuce Vaughn,2023,VaugDe00,https://www.pro-football-reference.com/players/V/VaugDe00/gamelog/2023/
Israel Abanikanda,2023,AbanIs00,https://www.pro-football-reference.com/players/A/AbanIs00/gamelog/2023/
Salvon Ahmed,2023,AhmeSa01,https://www.pro-football-reference.com/players/A/AhmeSa01/gamelog/2023/
La'Mical Perine,2023,PeriLa00,https://www.pro-football-reference.com/players/P/PeriLa00/gamelog/2023/
Jerick McKinnon,2023,McKiJe00,https://www.pro-football-reference.com/players/M/McKiJe00/gamelog/2023/
Boston Scott,2023,ScotBo02,https://www.pro-football-reference.com/players/S/ScotBo02/gamelog/2023/
Chris Brooks,2023,BrooCh00,https://www.pro-football-reference.com/players/B/BrooCh00/gamelog/2023/
Eric Gray,2023,GrayEr01,https://www.pro-football-reference.com/players/G/GrayEr01/gamelog/2023/
Kevin Harris,2023,HarrKe01,https://www.pro-football-reference.com/players/H/HarrKe01/gamelog/2023/
Ameer Abdullah,2023,AbduAm00,https://www.pro-football-reference.com/players/A/AbduAm00/gamelog/2023/
Sean Tucker,2023,TuckSe00,https://www.pro-football-reference.com/players/T/TuckSe00/gamelog/2023/
Trayveon Williams,2023,WillTr06,https://www.pro-football-reference.com/players/W/WillTr06/gamelog/2023/
Raheem Blackshear,2023,BlacRa00,https://www.pro-football-reference.com/players/B/BlacRa00/gamelog/2023/
Emanuel Wilson,2023,WilsEm00,https://www.pro-football-reference.com/players/W/WilsEm00/gamelog/2023/
Deon Jackson,2023,JackDe02,https://www.pro-football-reference.com/players/J/JackDe02/gamelog/2023/
Deon Jackson,2023,JackDe02,https://www.pro-football-reference.com/players/J/JackDe02/gamelog/2023/
Deon Jackson,2023,JackDe02,https://www.pro-football-reference.com/players/J/JackDe02/gamelog/2023/
Tyler Goodson,2023,GoodTy00,https://www.pro-football-reference.com/players/G/GoodTy00/gamelog/2023/
Leonard Fournette,2023,FourLe00,https://www.pro-football-reference.com/players/F/FourLe00/gamelog/2023/
Rashaad Penny,2023,PennRa00,https://www.pro-football-reference.com/players/P/PennRa00/gamelog/2023/
Damien Williams,2023,WillDa05,https://www.pro-football-reference.com/players/W/WillDa05/gamelog/2023/
DeeJay Dallas,2023,DallDe00,https://www.pro-football-reference.com/players/D/DallDe00/gamelog/2023/
Gary Brightwell,2023,BrigGa00,https://www.pro-football-reference.com/players/B/BrigGa00/gamelog/2023/
Zach Evans,2023,EvanZa00,https://www.pro-football-reference.com/players/E/EvanZa00/gamelog/2023/
Khari Blasingame,2023,BlasKh00,https://www.pro-football-reference.com/players/B/BlasKh00/gamelog/2023/
J.K. Dobbins,2023,DobbJK00,https://www.pro-football-reference.com/players/D/DobbJK00/gamelog/2023/
Dare Ogunbowale,2023,OgunDa00,https://www.pro-football-reference.com/players/O/OgunDa00/gamelog/2023/
Michael Burton,2023,BurtMi00,https://www.pro-football-reference.com/players/B/BurtMi00/gamelog/2023/
Tyrion Davis-Price,2023,DaviTy03,https://www.pro-football-reference.com/players/D/DaviTy03/gamelog/2023/
Hunter Luepke,2023,LuepHu00,https://www.pro-football-reference.com/players/L/LuepHu00/gamelog/2023/
Andrew Beck,2023,BeckAn01,https://www.pro-football-reference.com/players/B/BeckAn01/gamelog/2023/
Kyle Juszczyk,2023,JuszKy00,https://www.pro-football-reference.com/players/J/JuszKy00/gamelog/2023/
Kene Nwangwu,2023,NwanKe00,https://www.pro-football-reference.com/players/N/NwanKe00/gamelog/2023/
Brandon Bolden,2023,BoldBr00,https://www.pro-football-reference.com/players/B/BoldBr00/gamelog/2023/
Elijah Dotson,2023,DotsEl00,https://www.pro-football-reference.com/players/D/DotsEl00/gamelog/2023/
Derrick Gore,2023,GoreDe00,https://www.pro-football-reference.com/players/G/GoreDe00/gamelog/2023/
Zonovan Knight,2023,KnigZo00,https://www.pro-football-reference.com/players/K/KnigZo00/gamelog/2023/
Ty Montgomery,2023,MontTy01,https://www.pro-football-reference.com/players/M/MontTy01/gamelog/2023/
Devine Ozigbo,2023,OzigDe01,https://www.pro-football-reference.com/players/O/OzigDe01/gamelog/2023/
Jonathan Ward,2023,WardJo00,https://www.pro-football-reference.com/players/W/WardJo00/gamelog/2023/
Nick Bawden,2023,BawdNi00,https://www.pro-football-reference.com/players/B/BawdNi00/gamelog/2023/
Chris Evans,2023,EvanCh02,https://www.pro-football-reference.com/players/E/EvanCh02/gamelog/2023/
Jake Funk,2023,FunkJa00,https://www.pro-football-reference.com/players/F/FunkJa00/gamelog/2023/
Alec Ingold,2023,IngoAl01,https://www.pro-football-reference.com/players/I/IngoAl01/gamelog/2023/
Adam Prentice,2023,PrenAd00,https://www.pro-football-reference.com/players/P/PrenAd00/gamelog/2023/
Kenyan Drake,2023,DrakKe00,https://www.pro-football-reference.com/players/D/DrakKe00/gamelog/2023/
Kenyan Drake,2023,DrakKe00,https://www.pro-football-reference.com/players/D/DrakKe00/gamelog/2023/
Kenyan Drake,2023,DrakKe00,https://www.pro-football-reference.com/players/D/DrakKe00/gamelog/2023/
Jason Cabinda,2023,CabiJa00,https://www.pro-football-reference.com/players/C/CabiJa00/gamelog/2023/
Jashaun Corbin,2023,CorbJa01,https://www.pro-football-reference.com/players/C/CorbJa01/gamelog/2023/
Evan Hull,2023,HullEv00,https://www.pro-football-reference.com/players/H/HullEv00/gamelog/2023/
James Robinson,2023,RobiJa00,https://www.pro-football-reference.com/players/R/RobiJa00/gamelog/2023/
Jonathan Williams,2023,WillJo07,https://www.pro-football-reference.com/players/W/WillJo07/gamelog/2023/
Alex Armah,2023,ArmaAl00,https://www.pro-football-reference.com/players/A/ArmaAl00/gamelog/2023/
Reggie Gilliam,2023,GillRe00,https://www.pro-football-reference.com/players/G/GillRe00/gamelog/2023/
Jamycal Hasty,2023,HastJa02,https://www.pro-football-reference.com/players/H/HastJa02/gamelog/2023/
Travis Homer,2023,HomeTr00,https://www.pro-football-reference.com/players/H/HomeTr00/gamelog/2023/
Jakob Johnson,2023,JohnJa12,https://www.pro-football-reference.com/players/J/JohnJa12/gamelog/2023/
Anthony McFarland Jr.,2023,McFaAn00,https://www.pro-football-reference.com/players/M/McFaAn00/gamelog/2023/
Jordan Mims,2023,MimsJo00,https://www.pro-football-reference.com/players/M/MimsJo00/gamelog/2023/
Patrick Ricard,2023,RicaPa00,https://www.pro-football-reference.com/players/R/RicaPa00/gamelog/2023/
Keith Smith,2023,SmitKe03,https://www.pro-football-reference.com/players/S/SmitKe03/gamelog/2023/
Saquon Barkley,2024,BarkSa00,https://www.pro-football-reference.com/players/B/BarkSa00/gamelog/2024/
Derrick Henry,2024,HenrDe00,https://www.pro-football-reference.com/players/H/HenrDe00/gamelog/2024/
Kyren Williams,2024,WillKy02,https://www.pro-football-reference.com/players/W/WillKy02/gamelog/2024/
Bijan Robinson,2024,RobiBi01,https://www.pro-football-reference.com/players/R/RobiBi01/gamelog/2024/
Jonathan Taylor,2024,TaylJo02,https://www.pro-football-reference.com/players/T/TaylJo02/gamelog/2024/
Josh Jacobs,2024,JacoJo01,https://www.pro-football-reference.com/players/J/JacoJo01/gamelog/2024/
Najee Harris,2024,HarrNa00,https://www.pro-football-reference.com/players/H/HarrNa00/gamelog/2024/
Tony Pollard,2024,PollTo00,https://www.pro-football-reference.com/players/P/PollTo00/gamelog/2024/
Aaron Jones,2024,JoneAa00,https://www.pro-football-reference.com/players/J/JoneAa00/gamelog/2024/
D'Andre Swift,2024,SwifDA00,https://www.pro-football-reference.com/players/S/SwifDA00/gamelog/2024/
Jahmyr Gibbs,2024,GibbJa01,https://www.pro-football-reference.com/players/G/GibbJa01/gamelog/2024/
Chuba Hubbard,2024,HubbCh01,https://www.pro-football-reference.com/players/H/HubbCh01/gamelog/2024/
Joe Mixon,2024,MixoJo00,https://www.pro-football-reference.com/players/M/MixoJo00/gamelog/2024/
James Conner,2024,ConnJa00,https://www.pro-football-reference.com/players/C/ConnJa00/gamelog/2024/
Rico Dowdle,2024,DowdRi01,https://www.pro-football-reference.com/players/D/DowdRi01/gamelog/2024/
Chase Brown,2024,BrowCh10,https://www.pro-football-reference.com/players/B/BrowCh10/gamelog/2024/
Alvin Kamara,2024,KamaAl00,https://www.pro-football-reference.com/players/K/KamaAl00/gamelog/2024/
Breece Hall,2024,HallBr03,https://www.pro-football-reference.com/players/H/HallBr03/gamelog/2024/
James Cook,2024,CookJa01,https://www.pro-football-reference.com/players/C/CookJa01/gamelog/2024/
Bucky Irving,2024,IrviBu00,https://www.pro-football-reference.com/players/I/IrviBu00/gamelog/2024/
Rhamondre Stevenson,2024,StevRh00,https://www.pro-football-reference.com/players/S/StevRh00/gamelog/2024/
De'Von Achane,2024,AchaDe00,https://www.pro-football-reference.com/players/A/AchaDe00/gamelog/2024/
Kareem Hunt,2024,HuntKa00,https://www.pro-football-reference.com/players/H/HuntKa00/gamelog/2024/
J.K. Dobbins,2024,DobbJK00,https://www.pro-football-reference.com/players/D/DobbJK00/gamelog/2024/
Tyrone Tracy Jr.,2024,TracTy00,https://www.pro-football-reference.com/players/T/TracTy00/gamelog/2024/
Brian Robinson Jr.,2024,RobiBr01,https://www.pro-football-reference.com/players/R/RobiBr01/gamelog/2024/
David Montgomery,2024,MontDa01,https://www.pro-football-reference.com/players/M/MontDa01/gamelog/2024/
Tank Bigsby,2024,BigsTa00,https://www.pro-football-reference.com/players/B/BigsTa00/gamelog/2024/
Jordan Mason,2024,MasoJo00,https://www.pro-football-reference.com/players/M/MasoJo00/gamelog/2024/
Kenneth Walker III,2024,WalkKe00,https://www.pro-football-reference.com/players/W/WalkKe00/gamelog/2024/
Travis Etienne,2024,EtieTr00,https://www.pro-football-reference.com/players/E/EtieTr00/gamelog/2024/
Rachaad White,2024,WhitRa01,https://www.pro-football-reference.com/players/W/WhitRa01/gamelog/2024/
Javonte Williams,2024,WillJa10,https://www.pro-football-reference.com/players/W/WillJa10/gamelog/2024/
Tyler Allgeier,2024,AllgTy00,https://www.pro-football-reference.com/players/A/AllgTy00/gamelog/2024/
Zach Charbonnet,2024,CharZa00,https://www.pro-football-reference.com/players/C/CharZa00/gamelog/2024/
Alexander Mattison,2024,MattAl01,https://www.pro-football-reference.com/players/M/MattAl01/gamelog/2024/
Antonio Gibson,2024,GibsAn00,https://www.pro-football-reference.com/players/G/GibsAn00/gamelog/2024/
Jaylen Warren,2024,WarrJa01,https://www.pro-football-reference.com/players/W/WarrJa01/gamelog/2024/
Ray Davis,2024,DaviRa04,https://www.pro-football-reference.com/players/D/DaviRa04/gamelog/2024/
Jaleel McLaughlin,2024,McLaJa00,https://www.pro-football-reference.com/players/M/McLaJa00/gamelog/2024/
Devin Singletary,2024,SingDe00,https://www.pro-football-reference.com/players/S/SingDe00/gamelog/2024/
Jerome Ford,2024,FordJe00,https://www.pro-football-reference.com/players/F/FordJe00/gamelog/2024/
Cam Akers,2024,AkerCa00,https://www.pro-football-reference.com/players/A/AkerCa00/gamelog/2024/
Cam Akers,2024,AkerCa00,https://www.pro-football-reference.com/players/A/AkerCa00/gamelog/2024/
Cam Akers,2024,AkerCa00,https://www.pro-football-reference.com/players/A/AkerCa00/gamelog/2024/
Emanuel Wilson,2024,WilsEm00,https://www.pro-football-reference.com/players/W/WilsEm00/gamelog/2024/
Nick Chubb,2024,ChubNi00,https://www.pro-football-reference.com/players/C/ChubNi00/gamelog/2024/
Gus Edwards,2024,EdwaGu00,https://www.pro-football-reference.com/players/E/EdwaGu00/gamelog/2024/
Braelon Allen,2024,AlleBr05,https://www.pro-football-reference.com/players/A/AlleBr05/gamelog/2024/
Raheem Mostert,2024,MostRa00,https://www.pro-football-reference.com/players/M/MostRa00/gamelog/2024/
Isaac Guerendo,2024,GuerIs00,https://www.pro-football-reference.com/players/G/GuerIs00/gamelog/2024/
Tyjae Spears,2024,SpeaTy00,https://www.pro-football-reference.com/players/S/SpeaTy00/gamelog/2024/
Isiah Pacheco,2024,PachIs00,https://www.pro-football-reference.com/players/P/PachIs00/gamelog/2024/
Austin Ekeler,2024,EkelAu00,https://www.pro-football-reference.com/players/E/EkelAu00/gamelog/2024/
Audric Estime,2024,EstiAu00,https://www.pro-football-reference.com/players/E/EstiAu00/gamelog/2024/
Kenneth Gainwell,2024,GainKe00,https://www.pro-football-reference.com/players/G/GainKe00/gamelog/2024/
Ezekiel Elliott,2024,ElliEz00,https://www.pro-football-reference.com/players/E/ElliEz00/gamelog/2024/
Zack Moss,2024,MossZa00,https://www.pro-football-reference.com/players/M/MossZa00/gamelog/2024/
D'Onta Foreman,2024,ForeDO00,https://www.pro-football-reference.com/players/F/ForeDO00/gamelog/2024/
Jaylen Wright,2024,WrigJa04,https://www.pro-football-reference.com/players/W/WrigJa04/gamelog/2024/
Ameer Abdullah,2024,AbduAm00,https://www.pro-football-reference.com/players/A/AbduAm00/gamelog/2024/
Zamir White,2024,WhitZa01,https://www.pro-football-reference.com/players/W/WhitZa01/gamelog/2024/
Trey Benson,2024,BensTr01,https://www.pro-football-reference.com/players/B/BensTr01/gamelog/2024/
Blake Corum,2024,CoruBl00,https://www.pro-football-reference.com/players/C/CoruBl00/gamelog/2024/
Ty Chandler,2024,ChanTy01,https://www.pro-football-reference.com/players/C/ChanTy01/gamelog/2024/
Trey Sermon,2024,SermTr00,https://www.pro-football-reference.com/players/S/SermTr00/gamelog/2024/
Carson Steele,2024,SteeCa00,https://www.pro-football-reference.com/players/S/SteeCa00/gamelog/2024/
Roschon Johnson,2024,JohnRo07,https://www.pro-football-reference.com/players/J/JohnRo07/gamelog/2024/
Jeremy McNichols,2024,McNiJe00,https://www.pro-football-reference.com/players/M/McNiJe00/gamelog/2024/
Miles Sanders,2024,SandMi01,https://www.pro-football-reference.com/players/S/SandMi01/gamelog/2024/
Christian McCaffrey,2024,McCaCh01,https://www.pro-football-reference.com/players/M/McCaCh01/gamelog/2024/
Sean Tucker,2024,TuckSe00,https://www.pro-football-reference.com/players/T/TuckSe00/gamelog/2024/
Jamaal Williams,2024,WillJa06,https://www.pro-football-reference.com/players/W/WillJa06/gamelog/2024/
Justice Hill,2024,HillJu00,https://www.pro-football-reference.com/players/H/HillJu00/gamelog/2024/
Kimani Vidal,2024,VidaKi00,https://www.pro-football-reference.com/players/V/VidaKi00/gamelog/2024/
Ty Johnson,2024,JohnTy02,https://www.pro-football-reference.com/players/J/JohnTy02/gamelog/2024/
Dameon Pierce,2024,PierDa01,https://www.pro-football-reference.com/players/P/PierDa01/gamelog/2024/
Sincere McCormick,2024,McCoSi00,https://www.pro-football-reference.com/players/M/McCoSi00/gamelog/2024/
Kendre Miller,2024,MillKe01,https://www.pro-football-reference.com/players/M/MillKe01/gamelog/2024/
Patrick Taylor,2024,TaylPa01,https://www.pro-football-reference.com/players/T/TaylPa01/gamelog/2024/
Chris Brooks,2024,BrooCh00,https://www.pro-football-reference.com/players/B/BrooCh00/gamelog/2024/
Khalil Herbert,2024,HerbKh00,https://www.pro-football-reference.com/players/H/HerbKh00/gamelog/2024/
Khalil Herbert,2024,HerbKh00,https://www.pro-football-reference.com/players/H/HerbKh00/gamelog/2024/
Khalil Herbert,2024,HerbKh00,https://www.pro-football-reference.com/players/H/HerbKh00/gamelog/2024/
Michael Carter,2024,CartMi03,https://www.pro-football-reference.com/players/C/CartMi03/gamelog/2024/
Chris Rodriguez,2024,RodrCh00,https://www.pro-football-reference.com/players/R/RodrCh00/gamelog/2024/
Hassan Haskins,2024,HaskHa00,https://www.pro-football-reference.com/players/H/HaskHa00/gamelog/2024/
Tyler Goodson,2024,GoodTy00,https://www.pro-football-reference.com/players/G/GoodTy00/gamelog/2024/
D'Ernest Johnson,2024,JohnDE04,https://www.pro-football-reference.com/players/J/JohnDE04/gamelog/2024/
Cordarrelle Patterson,2024,PattCo00,https://www.pro-football-reference.com/players/P/PattCo00/gamelog/2024/
Kenny McIntosh,2024,McInKe00,https://www.pro-football-reference.com/players/M/McInKe00/gamelog/2024/
Craig Reynolds,2024,ReynCr00,https://www.pro-football-reference.com/players/R/ReynCr00/gamelog/2024/
Isaiah Davis,2024,DaviIs00,https://www.pro-football-reference.com/players/D/DaviIs00/gamelog/2024/
Dare Ogunbowale,2024,OgunDa00,https://www.pro-football-reference.com/players/O/OgunDa00/gamelog/2024/
Will Shipley,2024,ShipWi00,https://www.pro-football-reference.com/players/S/ShipWi00/gamelog/2024/
Pierre Strong,2024,StroPi00,https://www.pro-football-reference.com/players/S/StroPi00/gamelog/2024/
Emari Demercado,2024,DemeEm00,https://www.pro-football-reference.com/players/D/DemeEm00/gamelog/2024/
Julius Chestnut,2024,ChesJu00,https://www.pro-football-reference.com/players/C/ChesJu00/gamelog/2024/
Ronnie Rivers,2024,RiveRo01,https://www.pro-football-reference.com/players/R/RiveRo01/gamelog/2024/
Jamycal Hasty,2024,HastJa02,https://www.pro-football-reference.com/players/H/HastJa02/gamelog/2024/
Jordan Mims,2024,MimsJo00,https://www.pro-football-reference.com/players/M/MimsJo00/gamelog/2024/
Samaje Perine,2024,PeriSa00,https://www.pro-football-reference.com/players/P/PeriSa00/gamelog/2024/
Deuce Vaughn,2024,VaugDe00,https://www.pro-football-reference.com/players/V/VaugDe00/gamelog/2024/
Jeff Wilson,2024,WilsJe01,https://www.pro-football-reference.com/players/W/WilsJe01/gamelog/2024/
Raheem Blackshear,2024,BlacRa00,https://www.pro-football-reference.com/players/B/BlacRa00/gamelog/2024/
Keaton Mitchell,2024,MitcKe01,https://www.pro-football-reference.com/players/M/MitcKe01/gamelog/2024/
Eric Gray,2024,GrayEr01,https://www.pro-football-reference.com/players/G/GrayEr01/gamelog/2024/
Mike Boone,2024,BoonMi00,https://www.pro-football-reference.com/players/B/BoonMi00/gamelog/2024/
Clyde Edwards-Helaire,2024,EdwaCl00,https://www.pro-football-reference.com/players/E/EdwaCl00/gamelog/2024/
Terrell Jennings,2024,JennTe00,https://www.pro-football-reference.com/players/J/JennTe00/gamelog/2024/
Jase McClellan,2024,McClJa05,https://www.pro-football-reference.com/players/M/McClJa05/gamelog/2024/
Hunter Luepke,2024,LuepHu00,https://www.pro-football-reference.com/players/L/LuepHu00/gamelog/2024/
Tyler Badie,2024,BadiTy00,https://www.pro-football-reference.com/players/B/BadiTy00/gamelog/2024/
Rasheen Ali,2024,AlixRa00,https://www.pro-football-reference.com/players/A/AlixRa00/gamelog/2024/
Alec Ingold,2024,IngoAl01,https://www.pro-football-reference.com/players/I/IngoAl01/gamelog/2024/
J.J. Taylor,2024,TaylJJ01,https://www.pro-football-reference.com/players/T/TaylJJ01/gamelog/2024/
Jonathon Brooks,2024,BrooJo02,https://www.pro-football-reference.com/players/B/BrooJo02/gamelog/2024/
DeeJay Dallas,2024,DallDe00,https://www.pro-football-reference.com/players/D/DallDe00/gamelog/2024/
Dalvin Cook,2024,CookDa01,https://www.pro-football-reference.com/players/C/CookDa01/gamelog/2024/
Michael Burton,2024,BurtMi00,https://www.pro-football-reference.com/players/B/BurtMi00/gamelog/2024/
Travis Homer,2024,HomeTr00,https://www.pro-football-reference.com/players/H/HomeTr00/gamelog/2024/
Jermar Jefferson,2024,JeffJe00,https://www.pro-football-reference.com/players/J/JeffJe00/gamelog/2024/
MarShawn Lloyd,2024,LloyMa00,https://www.pro-football-reference.com/players/L/LloyMa00/gamelog/2024/
Aaron Shampklin,2024,ShamAa00,https://www.pro-football-reference.com/players/S/ShamAa00/gamelog/2024/
Sione Vaki,2024,VakiSi00,https://www.pro-football-reference.com/players/V/VakiSi00/gamelog/2024/
Chris Collier,2024,CollCh01,https://www.pro-football-reference.com/players/C/CollCh01/gamelog/2024/
Kyle Juszczyk,2024,JuszKy00,https://www.pro-football-reference.com/players/J/JuszKy00/gamelog/2024/
Jacob Kibodi,2024,KiboJa00,https://www.pro-football-reference.com/players/K/KiboJa00/gamelog/2024/
Jonathan Ward,2024,WardJo00,https://www.pro-football-reference.com/players/W/WardJo00/gamelog/2024/
Tony Jones,2024,JoneTo04,https://www.pro-football-reference.com/players/J/JoneTo04/gamelog/2024/
Blake Watson,2024,WatsBl00,https://www.pro-football-reference.com/players/W/WatsBl00/gamelog/2024/
Tyrion Davis-Price,2024,DaviTy03,https://www.pro-football-reference.com/players/D/DaviTy03/gamelog/2024/
Darrynton Evans,2024,EvanDa02,https://www.pro-football-reference.com/players/E/EvanDa02/gamelog/2024/
Myles Gaskin,2024,GaskMy00,https://www.pro-football-reference.com/players/G/GaskMy00/gamelog/2024/
Reggie Gilliam,2024,GillRe00,https://www.pro-football-reference.com/players/G/GillRe00/gamelog/2024/
George Holani,2024,HolaGe00,https://www.pro-football-reference.com/players/H/HolaGe00/gamelog/2024/
Ke'Shawn Vaughn,2024,VaugKe00,https://www.pro-football-reference.com/players/V/VaugKe00/gamelog/2024/
British Brooks,2024,BrooBr01,https://www.pro-football-reference.com/players/B/BrooBr01/gamelog/2024/
Joshua Kelley,2024,KellJo01,https://www.pro-football-reference.com/players/K/KellJo01/gamelog/2024/
Dylan Laube,2024,LaubDy00,https://www.pro-football-reference.com/players/L/LaubDy00/gamelog/2024/
Cody Schrader,2024,SchrCo00,https://www.pro-football-reference.com/players/S/SchrCo00/gamelog/2024/
Andrew Beck,2024,BeckAn01,https://www.pro-football-reference.com/players/B/BeckAn01/gamelog/2024/
Andrew Beck,2024,BeckAn01,https://www.pro-football-reference.com/players/B/BeckAn01/gamelog/2024/
Andrew Beck,2024,BeckAn01,https://www.pro-football-reference.com/players/B/BeckAn01/gamelog/2024/
Adam Prentice,2024,PrenAd00,https://www.pro-football-reference.com/players/P/PrenAd00/gamelog/2024/
Patrick Ricard,2024,RicaPa00,https://www.pro-football-reference.com/players/R/RicaPa00/gamelog/2024/
