player,player_id,pfr_url
Derrick Henry,H,https://www.pro-football-reference.com/players/H/HenrDe00.htm
Christian McCaffrey,M,https://www.pro-football-reference.com/players/M/McCaCh01.htm
Rachaad White,W,https://www.pro-football-reference.com/players/W/WhitRa01.htm
Travis Etienne,E,https://www.pro-football-reference.com/players/E/EtieTr00.htm
Joe Mixon,M,https://www.pro-football-reference.com/players/M/MixoJo00.htm
Najee Harris,H,https://www.pro-football-reference.com/players/H/HarrNa00.htm
Tony Pollard,P,https://www.pro-football-reference.com/players/P/PollTo00.htm
Saquon Barkley,B,https://www.pro-football-reference.com/players/B/BarkSa00.htm
Chuba Hubbard,H,https://www.pro-football-reference.com/players/H/HubbCh01.htm
James Cook,C,https://www.pro-football-reference.com/players/C/CookJa01.htm
Josh Jacobs,J,https://www.pro-football-reference.com/players/J/JacoJo01.htm
D'Andre Swift,S,https://www.pro-football-reference.com/players/S/SwifDA00.htm
Kyren Williams,W,https://www.pro-football-reference.com/players/W/WillKy02.htm
Breece Hall,H,https://www.pro-football-reference.com/players/H/HallBr03.htm
David Montgomery,M,https://www.pro-football-reference.com/players/M/MontDa01.htm
Kenneth Walker III,W,https://www.pro-football-reference.com/players/W/WalkKe00.htm
Javonte Williams,W,https://www.pro-football-reference.com/players/W/WillJa10.htm
Devin Singletary,S,https://www.pro-football-reference.com/players/S/SingDe00.htm
Bijan Robinson,R,https://www.pro-football-reference.com/players/R/RobiBi01.htm
Raheem Mostert,M,https://www.pro-football-reference.com/players/M/MostRa00.htm
James Conner,C,https://www.pro-football-reference.com/players/C/ConnJa00.htm
Isiah Pacheco,P,https://www.pro-football-reference.com/players/P/PachIs00.htm
Jerome Ford,F,https://www.pro-football-reference.com/players/F/FordJe00.htm
Gus Edwards,E,https://www.pro-football-reference.com/players/E/EdwaGu00.htm
Tyler Allgeier,A,https://www.pro-football-reference.com/players/A/AllgTy00.htm
Ezekiel Elliott,E,https://www.pro-football-reference.com/players/E/ElliEz00.htm
Zack Moss,M,https://www.pro-football-reference.com/players/M/MossZa00.htm
Jahmyr Gibbs,G,https://www.pro-football-reference.com/players/G/GibbJa01.htm
Alvin Kamara,K,https://www.pro-football-reference.com/players/K/KamaAl00.htm
Alexander Mattison,M,https://www.pro-football-reference.com/players/M/MattAl01.htm
Austin Ekeler,E,https://www.pro-football-reference.com/players/E/EkelAu00.htm
AJ Dillon,D,https://www.pro-football-reference.com/players/D/DillAJ00.htm
Brian Robinson Jr.,R,https://www.pro-football-reference.com/players/R/RobiBr01.htm
Jonathan Taylor,T,https://www.pro-football-reference.com/players/T/TaylJo02.htm
Rhamondre Stevenson,S,https://www.pro-football-reference.com/players/S/StevRh00.htm
Jaylen Warren,W,https://www.pro-football-reference.com/players/W/WarrJa01.htm
Dameon Pierce,P,https://www.pro-football-reference.com/players/P/PierDa01.htm
Aaron Jones,J,https://www.pro-football-reference.com/players/J/JoneAa00.htm
Kareem Hunt,H,https://www.pro-football-reference.com/players/H/HuntKa00.htm
Khalil Herbert,H,https://www.pro-football-reference.com/players/H/HerbKh00.htm
Miles Sanders,S,https://www.pro-football-reference.com/players/S/SandMi01.htm
D'Onta Foreman,F,https://www.pro-football-reference.com/players/F/ForeDO00.htm
Zach Charbonnet,C,https://www.pro-football-reference.com/players/C/CharZa00.htm
Joshua Kelley,K,https://www.pro-football-reference.com/players/K/KellJo01.htm
Jamaal Williams,W,https://www.pro-football-reference.com/players/W/WillJa06.htm
Zamir White,W,https://www.pro-football-reference.com/players/W/WhitZa01.htm
De'Von Achane,A,https://www.pro-football-reference.com/players/A/AchaDe00.htm
Ty Chandler,C,https://www.pro-football-reference.com/players/C/ChanTy01.htm
Tyjae Spears,S,https://www.pro-football-reference.com/players/S/SpeaTy00.htm
Rico Dowdle,D,https://www.pro-football-reference.com/players/D/DowdRi01.htm
Kenneth Gainwell,G,https://www.pro-football-reference.com/players/G/GainKe00.htm
Justice Hill,H,https://www.pro-football-reference.com/players/H/HillJu00.htm
Roschon Johnson,J,https://www.pro-football-reference.com/players/J/JohnRo07.htm
Latavius Murray,M,https://www.pro-football-reference.com/players/M/MurrLa00.htm
Royce Freeman,F,https://www.pro-football-reference.com/players/F/FreeRo00.htm
Jaleel McLaughlin,M,https://www.pro-football-reference.com/players/M/McLaJa00.htm
Elijah Mitchell,M,https://www.pro-football-reference.com/players/M/MitcEl00.htm
Clyde Edwards-Helaire,E,https://www.pro-football-reference.com/players/E/EdwaCl00.htm
Dalvin Cook,C,https://www.pro-football-reference.com/players/C/CookDa01.htm
Antonio Gibson,G,https://www.pro-football-reference.com/players/G/GibsAn00.htm
Pierre Strong,S,https://www.pro-football-reference.com/players/S/StroPi00.htm
Cam Akers,A,https://www.pro-football-reference.com/players/A/AkerCa00.htm
Cam Akers,A,https://www.pro-football-reference.com/players/A/AkerCa00.htm
Cam Akers,A,https://www.pro-football-reference.com/players/A/AkerCa00.htm
Emari Demercado,D,https://www.pro-football-reference.com/players/D/DemeEm00.htm
Matt Breida,B,https://www.pro-football-reference.com/players/B/BreiMa00.htm
Samaje Perine,P,https://www.pro-football-reference.com/players/P/PeriSa00.htm
Chris Rodriguez,R,https://www.pro-football-reference.com/players/R/RodrCh00.htm
Tank Bigsby,B,https://www.pro-football-reference.com/players/B/BigsTa00.htm
Cordarrelle Patterson,P,https://www.pro-football-reference.com/players/P/PattCo00.htm
Chase Edmonds,E,https://www.pro-football-reference.com/players/E/EdmoCh00.htm
Keaton Mitchell,M,https://www.pro-football-reference.com/players/M/MitcKe01.htm
Darrell Henderson,H,https://www.pro-football-reference.com/players/H/HendDa00.htm
Chase Brown,B,https://www.pro-football-reference.com/players/B/BrowCh10.htm
D'Ernest Johnson,J,https://www.pro-football-reference.com/players/J/JohnDE04.htm
Kendre Miller,M,https://www.pro-football-reference.com/players/M/MillKe01.htm
Craig Reynolds,R,https://www.pro-football-reference.com/players/R/ReynCr00.htm
Jeff Wilson,W,https://www.pro-football-reference.com/players/W/WilsJe01.htm
Jordan Mason,M,https://www.pro-football-reference.com/players/M/MasoJo00.htm
Isaiah Spiller,S,https://www.pro-football-reference.com/players/S/SpilIs00.htm
Keaontay Ingram,I,https://www.pro-football-reference.com/players/I/IngrKe01.htm
Trey Sermon,S,https://www.pro-football-reference.com/players/S/SermTr00.htm
Ronnie Rivers,R,https://www.pro-football-reference.com/players/R/RiveRo01.htm
Patrick Taylor,T,https://www.pro-football-reference.com/players/T/TaylPa01.htm
Darrynton Evans,E,https://www.pro-football-reference.com/players/E/EvanDa02.htm
Darrynton Evans,E,https://www.pro-football-reference.com/players/E/EvanDa02.htm
Darrynton Evans,E,https://www.pro-football-reference.com/players/E/EvanDa02.htm
Ty Johnson,J,https://www.pro-football-reference.com/players/J/JohnTy02.htm
Michael Carter,C,https://www.pro-football-reference.com/players/C/CartMi03.htm
Michael Carter,C,https://www.pro-football-reference.com/players/C/CartMi03.htm
Michael Carter,C,https://www.pro-football-reference.com/players/C/CartMi03.htm
Nick Chubb,C,https://www.pro-football-reference.com/players/C/ChubNi00.htm
Melvin Gordon,G,https://www.pro-football-reference.com/players/G/GordMe00.htm
Tony Jones,J,https://www.pro-football-reference.com/players/J/JoneTo04.htm
Tony Jones,J,https://www.pro-football-reference.com/players/J/JoneTo04.htm
Tony Jones,J,https://www.pro-football-reference.com/players/J/JoneTo04.htm
Ke'Shawn Vaughn,V,https://www.pro-football-reference.com/players/V/VaugKe00.htm
Damien Harris,H,https://www.pro-football-reference.com/players/H/HarrDa06.htm
Deuce Vaughn,V,https://www.pro-football-reference.com/players/V/VaugDe00.htm
Israel Abanikanda,A,https://www.pro-football-reference.com/players/A/AbanIs00.htm
Salvon Ahmed,A,https://www.pro-football-reference.com/players/A/AhmeSa01.htm
La'Mical Perine,P,https://www.pro-football-reference.com/players/P/PeriLa00.htm
Jerick McKinnon,M,https://www.pro-football-reference.com/players/M/McKiJe00.htm
Boston Scott,S,https://www.pro-football-reference.com/players/S/ScotBo02.htm
Chris Brooks,B,https://www.pro-football-reference.com/players/B/BrooCh00.htm
Eric Gray,G,https://www.pro-football-reference.com/players/G/GrayEr01.htm
Kevin Harris,H,https://www.pro-football-reference.com/players/H/HarrKe01.htm
Ameer Abdullah,A,https://www.pro-football-reference.com/players/A/AbduAm00.htm
Sean Tucker,T,https://www.pro-football-reference.com/players/T/TuckSe00.htm
Trayveon Williams,W,https://www.pro-football-reference.com/players/W/WillTr06.htm
Raheem Blackshear,B,https://www.pro-football-reference.com/players/B/BlacRa00.htm
Emanuel Wilson,W,https://www.pro-football-reference.com/players/W/WilsEm00.htm
Deon Jackson,J,https://www.pro-football-reference.com/players/J/JackDe02.htm
Deon Jackson,J,https://www.pro-football-reference.com/players/J/JackDe02.htm
Deon Jackson,J,https://www.pro-football-reference.com/players/J/JackDe02.htm
Tyler Goodson,G,https://www.pro-football-reference.com/players/G/GoodTy00.htm
Leonard Fournette,F,https://www.pro-football-reference.com/players/F/FourLe00.htm
Rashaad Penny,P,https://www.pro-football-reference.com/players/P/PennRa00.htm
Damien Williams,W,https://www.pro-football-reference.com/players/W/WillDa05.htm
DeeJay Dallas,D,https://www.pro-football-reference.com/players/D/DallDe00.htm
Gary Brightwell,B,https://www.pro-football-reference.com/players/B/BrigGa00.htm
Zach Evans,E,https://www.pro-football-reference.com/players/E/EvanZa00.htm
Khari Blasingame,B,https://www.pro-football-reference.com/players/B/BlasKh00.htm
J.K. Dobbins,D,https://www.pro-football-reference.com/players/D/DobbJK00.htm
Dare Ogunbowale,O,https://www.pro-football-reference.com/players/O/OgunDa00.htm
Michael Burton,B,https://www.pro-football-reference.com/players/B/BurtMi00.htm
Tyrion Davis-Price,D,https://www.pro-football-reference.com/players/D/DaviTy03.htm
Hunter Luepke,L,https://www.pro-football-reference.com/players/L/LuepHu00.htm
Andrew Beck,B,https://www.pro-football-reference.com/players/B/BeckAn01.htm
Kyle Juszczyk,J,https://www.pro-football-reference.com/players/J/JuszKy00.htm
Kene Nwangwu,N,https://www.pro-football-reference.com/players/N/NwanKe00.htm
Brandon Bolden,B,https://www.pro-football-reference.com/players/B/BoldBr00.htm
Elijah Dotson,D,https://www.pro-football-reference.com/players/D/DotsEl00.htm
Derrick Gore,G,https://www.pro-football-reference.com/players/G/GoreDe00.htm
Zonovan Knight,K,https://www.pro-football-reference.com/players/K/KnigZo00.htm
Ty Montgomery,M,https://www.pro-football-reference.com/players/M/MontTy01.htm
Devine Ozigbo,O,https://www.pro-football-reference.com/players/O/OzigDe01.htm
Jonathan Ward,W,https://www.pro-football-reference.com/players/W/WardJo00.htm
Nick Bawden,B,https://www.pro-football-reference.com/players/B/BawdNi00.htm
Chris Evans,E,https://www.pro-football-reference.com/players/E/EvanCh02.htm
Jake Funk,F,https://www.pro-football-reference.com/players/F/FunkJa00.htm
Alec Ingold,I,https://www.pro-football-reference.com/players/I/IngoAl01.htm
Adam Prentice,P,https://www.pro-football-reference.com/players/P/PrenAd00.htm
Kenyan Drake,D,https://www.pro-football-reference.com/players/D/DrakKe00.htm
Kenyan Drake,D,https://www.pro-football-reference.com/players/D/DrakKe00.htm
Kenyan Drake,D,https://www.pro-football-reference.com/players/D/DrakKe00.htm
Jason Cabinda,C,https://www.pro-football-reference.com/players/C/CabiJa00.htm
Jashaun Corbin,C,https://www.pro-football-reference.com/players/C/CorbJa01.htm
C.J. Ham,H,https://www.pro-football-reference.com/players/H/HamxC.00.htm
Evan Hull,H,https://www.pro-football-reference.com/players/H/HullEv00.htm
James Robinson,R,https://www.pro-football-reference.com/players/R/RobiJa00.htm
Jonathan Williams,W,https://www.pro-football-reference.com/players/W/WillJo07.htm
Alex Armah,A,https://www.pro-football-reference.com/players/A/ArmaAl00.htm
Reggie Gilliam,G,https://www.pro-football-reference.com/players/G/GillRe00.htm
Jamycal Hasty,H,https://www.pro-football-reference.com/players/H/HastJa02.htm
Travis Homer,H,https://www.pro-football-reference.com/players/H/HomeTr00.htm
Jakob Johnson,J,https://www.pro-football-reference.com/players/J/JohnJa12.htm
Anthony McFarland Jr.,M,https://www.pro-football-reference.com/players/M/McFaAn00.htm
Jordan Mims,M,https://www.pro-football-reference.com/players/M/MimsJo00.htm
Patrick Ricard,R,https://www.pro-football-reference.com/players/R/RicaPa00.htm
Keith Smith,S,https://www.pro-football-reference.com/players/S/SmitKe03.htm
